pdsdir/FillingCagesController.cs|" Get"|fn_PDS_get_filling_cages
pdsdir/MasterFormulasController.cs|" GetBatchSizes"|fn_PDS_get_batch_sizes_for_MF
pdsdir/MasterFormulasController.cs|" GetMasterFormulasByProduct"|fn_PDS_get_MF_by_product
pdsdir/PackItemsController.cs|" FilterPackItems"|fn_PDS_WIP_PackItem_M_filter
pdsdir/PackItemsController.cs|" GetPackItems"|fn_PDS_WIP_PackItem_M_get
pdsdir/PackItemsController.cs|" PostGetMoldTypeVialsPerCardStackHeight"|fn_PDS_WIP_PackItem_M_get_moldtype_vialspercard_stackheight
pdsdir/ParametersController.cs|" PostGetApplicationParameter"|fn_SYS_get_application_parameter
pdsdir/ParametersController.cs|" GetGlobalParameter"|sfn_SYS_get_global_parameter
pdsdir/ProductionLinesController.cs|" GetProductionLines"|fn_PDS_ADM_ProductionLine_M_get_lines
pdsdir/ProductionLinesController.cs|" GetContainerTypes"|fn_PDS_get_container_types
pdsdir/ProductionSchedulesController.cs|" GetMoldType"|fn_ADM_MoldType_M_get
pdsdir/ProductionSchedulesController.cs|" GetFillingCage"|fn_CAG_ConfigFilling_M_get
pdsdir/ProductionSchedulesController.cs|" GetScheduleStatuses"|fn_PDS_get_schedule_statuses
pdsdir/ProductionSchedulesController.cs|" GetSubLots"|fn_PDS_get_sub_lots
pdsdir/ProductionSchedulesController.cs|" GetDefaultFillSequence"|fn_PDS_WIP_ProductionFillSequence_M_get_default
pdsdir/ProductionSchedulesController.cs|" GetFillSequenceDetails"|fn_PDS_WIP_ProductionFillSequence_M_get_details
pdsdir/ProductionSchedulesController.cs|" GetContainerType"|fn_WIP_ContainerType_M_get
pdsdir/ProductionSchedulesController.cs|" GetPackItem"|fn_WIP_PackItem_M_get
pdsdir/ProductionSchedulesController.cs|" GetProduct"|fn_WIP_Product_M_get
pdsdir/ProductionSchedulesController.cs|" GetFillSequence"|fn_WIP_ProductionFillSequence_M_get
pdsdir/ProductionSchedulesController.cs|" PostConfirmFillSequence"|proc_PDS_confirm_schedule
pdsdir/ProductionSchedulesController.cs|" PostCreateSubLotFillSequence"|proc_PDS_create_sub_lot
pdsdir/ProductionSchedulesController.cs|" SearchSchedules"|proc_PDS_search_schedules
pdsdir/ProductionSchedulesController.cs|" PostTryUpdateFillDateFromEbr"|proc_PDS_try_update_fill_date_from_EBR
pdsdir/ProductionSchedulesController.cs|" PostUnconfirmFillSequence"|proc_PDS_unconfirm_schedule
pdsdir/ProductionSchedulesController.cs|" PostUnfinishFillSequence"|proc_PDS_unfinish_schedule
pdsdir/ProductionSchedulesController.cs|" PostCreateFillSequence"|proc_PDS_WIP_ProductionFillSequence_M_create
pdsdir/ProductionSchedulesController.cs|" PostDeleteFillSequence"|proc_PDS_WIP_ProductionFillSequence_M_delete
pdsdir/ProductionSchedulesController.cs|" PutUpdateFillSequence"|proc_PDS_WIP_ProductionFillSequence_M_update
pdsdir/ProductionSchedulesController.cs|" PutUpdateAfterProduction"|proc_PDS_WIP_ProductionFillSequence_M_update_after_production
pdsdir/ProductionSchedulesController.cs|" PutUpdateFormulationFinishDate"|proc_PDS_WIP_ProductionFillSequence_M_update_formulation_finish_date
pdsdir/ProductsController.cs|" FilterProducts"|fn_PDS_WIP_Product_M_filter
pdsdir/ProductsController.cs|" GetProducts"|fn_PDS_WIP_Product_M_get
pdsdir/UsersController.cs|" GetUsersAbilities"|fn_PDS_get_user_abilities
