master,spt_fallback_db
master,spt_fallback_dev
master,spt_fallback_usg
master,spt_monitor
master,MSreplication_options
tempdb,#A00DC655
tempdb,#A119B465
tempdb,#A262DE59
tempdb,#A3544754
tempdb,#A54EE321
tempdb,#A91F7405
tempdb,#qtemp______________________________________________________________________________________________________________0000000005B1
tempdb,#AA13983E
tempdb,#AB07BC77
tempdb,#ABFBE0B0
tempdb,#main_debug_printout________________________________________________________________________________________________0000000005FC
tempdb,#main_debug_printout________________________________________________________________________________________________0000000005FF
tempdb,#main_debug_printout________________________________________________________________________________________________0000000005DF
tempdb,#B7AD8A7E
tempdb,#B90E7E49
tempdb,#BB2BD0E5
tempdb,#BB63964D
tempdb,#BC8CC4B0
tempdb,#BDB8AE51
tempdb,#BEE1DCB4
Applog,LOG_LogEntry_20210207
Applog,LOG_Entry_20210111
Applog,LOG_Entry_20210207
Applog,LOG_LogEntry_20210208
Applog,LOG_Entry_20210112
Applog,LOG_Entry_20210208
Applog,LOG_LogEntry_20210209
Applog,LOG_Entry_20210113
Applog,LOG_Entry_20210209
Applog,LOG_LogEntry_20210210
Applog,LOG_Entry_20210114
Applog,LOG_Entry_20210210
Applog,LOG_LogEntry_20210211
Applog,LOG_Entry_20210115
Applog,LOG_Entry_20210211
Applog,LOG_LogEntry_20210116
Applog,LOG_LogEntry_20210212
Applog,LOG_Entry_20210116
Applog,LOG_Entry_20210212
Applog,LOG_LogEntry_20210117
Applog,LOG_LogEntry_20210213
Applog,LOG_Entry_20210117
Applog,LOG_Entry_20210213
Applog,LOG_LogEntry_20210118
Applog,LOG_LogEntry_20210214
Applog,LOG_Entry_20210118
Applog,LOG_Entry_20210214
Applog,LOG_LogEntry_20210119
Applog,LOG_LogEntry_20210215
Applog,LOG_Entry_20210119
Applog,LOG_Entry_20210215
Applog,LOG_LogEntry_20210120
Applog,LOG_LogEntry_20210216
Applog,LOG_Entry_20210120
Applog,LOG_Entry_20210216
Applog,LOG_LogEntry_20210121
Applog,LOG_LogEntry_20210217
Applog,LOG_Entry_20210121
Applog,LOG_Entry_20210217
Applog,LOG_LogEntry_20210122
Applog,LOG_LogEntry_20210218
Applog,LOG_Entry_20210122
Applog,LOG_Entry_20210218
Applog,LOG_LogEntry_20210123
Applog,LOG_LogEntry_20210219
Applog,LOG_Entry_20201227
Applog,LOG_Entry_20210123
Applog,LOG_Entry_20210219
Applog,LOG_LogEntry_20210124
Applog,LOG_LogEntry_20210220
Applog,LOG_Entry_20201228
Applog,LOG_Entry_20210124
Applog,LOG_Entry_20210220
Applog,LOG_LogEntry_20210125
Applog,LOG_LogEntry_20210221
Applog,LOG_Entry_20201229
Applog,LOG_Entry_20210125
Applog,LOG_Entry_20210221
Applog,LOG_LogEntry_20210126
Applog,LOG_LogEntry_20210222
Applog,LOG_Entry_20201230
Applog,LOG_Entry_20210126
Applog,LOG_Entry_20210222
Applog,LOG_LogEntry_20210127
Applog,LOG_LogEntry_20210223
Applog,LOG_Entry_20201231
Applog,LOG_Entry_20210127
Applog,LOG_Entry_20210223
Applog,LOG_LogEntry_20210128
Applog,LOG_LogEntry_20210224
Applog,LOG_Entry_20210101
Applog,LOG_Entry_20210128
Applog,LOG_Entry_20210224
Applog,LOG_LogEntry_20210129
Applog,LOG_Entry_20210102
Applog,LOG_Entry_20210129
Applog,LOG_LogEntry_20210130
Applog,LOG_Entry_20210103
Applog,LOG_Entry_20210130
Applog,LOG_LogEntry_20210131
Applog,LOG_Entry_20210104
Applog,LOG_Entry_20210131
Applog,LOG_LogEntry_20210201
Applog,LOG_Entry_20210105
Applog,LOG_Entry_20210201
Applog,LOG_LogEntry_20210202
Applog,LOG_Entry_20210106
Applog,LOG_Entry_20210202
Applog,LOG_LogEntry_20210203
Applog,LOG_Entry_20210107
Applog,LOG_Entry_20210203
Applog,LOG_LogEntry_20210204
Applog,LOG_Entry_old
Applog,LOG_Entry_20210108
Applog,LOG_Entry_20210204
Applog,LOG_LogEntry_20210205
Applog,LOG_Entry_20210109
Applog,LOG_Entry_20210205
Applog,LOG_LogEntry_20210206
Applog,LOG_Entry_20210110
Applog,LOG_Entry_20210206
intrfc,ASRS_ShipmentClose_M
intrfc,TOUR_Type_M
intrfc,WHS_RackActivityLog_D
intrfc,CLC_CycleCountItem_D
intrfc,IFC_OUT_TransactionStatus_H
intrfc,WHS_RackTier_D
intrfc,ADM_Software_M
intrfc,MSG_IN_ProcNameFinder_D
intrfc,IFC_OUT_Transaction_D
intrfc,ADM_SourceDB_M
intrfc,ASRS_OrderCancel_M
intrfc,EML_Source_M
intrfc,WHS_RackTierBin_D
intrfc,CLC_CycleCountEnd_D
intrfc,IFC_OUT_Status_M
intrfc,IFC_IN_Transaction_T
intrfc,WHS_RackTierBinDepth_D
intrfc,IFC_IN_Transaction_D
intrfc,IFC_IN_TranError_D
intrfc,TOUR_Tour_M
intrfc,IFC_IN_Status_M
intrfc,WHS_RackGroup_M
intrfc,WMS_StockAdj_M
intrfc,LOG_LogEntry
intrfc,WHS_Abort_D
intrfc,WHS_RackGroup_R
intrfc,SHP_ShipmentType_M
intrfc,TOUR_Status_M
intrfc,TOUR_LaneGroup_R
intrfc,SHP_ShipmentStatus_M
intrfc,WMS_StockAdjReason_M
intrfc,SHP_Shipment_M
intrfc,ASRS_AvailabilityChange_M
intrfc,WMS_RO_OrderAck_M
intrfc,SHP_OrderType_M
intrfc,WMS_RO_ConfItem_D
intrfc,WMS_RO_Conf_M
intrfc,SHP_LoadingDock_M
intrfc,SHP_OrderStatus_M
intrfc,WMS_ASN_AckItem_D
intrfc,WMS_ASN_Ack_M
intrfc,SHP_ShipmentOrderStatus_H
intrfc,WMS_SerialNos_D
intrfc,WMS_RO_OrderAckItem_D
intrfc,WHS_IN_TranError_T
intrfc,SHP_TruckLoadActivity_M
intrfc,SHP_TruckShipment_R
intrfc,SHP_ShipmentActivityLog_D
intrfc,SHP_TruckPallet_D
intrfc,WHS_RackClearNotification_D
intrfc,TRN_TranType_M
intrfc,SHP_Truck_M
intrfc,TOUR_Gate_R
intrfc,TRN_Transaction_T
intrfc,MSG_SoftwareMessageType_D
intrfc,SHP_Parameter_M
intrfc,TOUR_Order_D
intrfc,SHP_OrderASRSStatus_M
intrfc,SHP_ShipmentOrder_D
intrfc,EML_SendMail_T
intrfc,TRN_Status_M
intrfc,ADM_SoftwareMessageStatus_M
intrfc,ADM_SoftwareFieldType_M
intrfc,IFC_OUT_TranError_D
intrfc,APP_SET_ShipmentWatcher_D
intrfc,WMS_StockAdjSerialNos_D
intrfc,TRN_Transaction_Tx
intrfc,WHS_PickupNotification_D
intrfc,MSG_SoftwareMessageField_D
intrfc,WHS_DropOffNotification_D
intrfc,MSG_TranTypeMessage_R
intrfc,WHS_Adjustment_D
intrfc,CLC_CycleCountBegin_M
intrfc,ADM_ItemTypeInstancePrefix_R
intrfc,WHS_StagingLaneNotification_D
intrfc,WHS_ShipmentOrderAck_D
intrfc,TRN_TransactionStatus_H
intrfc,APP_SET_WMS_Module_D
intrfc,WHS_ShipmentOrderLineAck_D
intrfc,WHS_StagePalletNotification_D
intrfc,MSG_TranTypeMessageField_R
intrfc,IFC_OUT_Transaction_T
intrfc,WHS_ShipmentOrderStageComplete_D
intrfc,WHS_IN_Transaction_T
intrfc,ASRS_StageLaneClear_M
intrfc,WHS_RackType_M
intrfc,CLC_CycleCountSerialNos_D
intrfc,TRN_TranError_D
intrfc,SHP_eSignatureShipment_R
intrfc,WHS_Rack_M
npdb,IMO_FGM_PickedItem_D
npdb,WS_ContractPriceNotification_T
npdb,POR_ShipmentConfiguration_D_dss_tracking
npdb,PurchaseOrder_Ticket6470
npdb,WIP_PackItemSalesDescription_D
npdb,CHB_ResubmitDMNaming_M
npdb,POR_InvoiceTerms_D
npdb,INV_SHL_ShuttleStorage_D_01232020
npdb,fda_temp
npdb,INV_ItemBarCodeSpec_D
npdb,EML_SendMail_T
npdb,WS_CustomerContact
npdb,EDI_Customer
npdb,WS_CustomerType
npdb,OrderLine_Ticket6470
npdb,POR_OrderType_M_dss_tracking
npdb,InvSyncError
npdb,SER_MergePalletCase_D
npdb,SLS_Order_D
npdb,QANewBatch
npdb,SER_AppModuleExtension_R
npdb,InventoryTransaction_Ticket6470
npdb,INV_LocationLicenseType_M
npdb,RX
npdb,EPCIS_Customer_M
npdb,EditCustomerPrice
npdb,wrong_expiration_dates1
npdb,InventoryStatus
npdb,PHY_StateLicenseWebsite_M
npdb,sendmails
npdb,CSOS_Certificate_M_dss_tracking
npdb,PHY_Designation_M
npdb,Shipment_Ticket6470
npdb,QANewBatch_Audit
npdb,InventoryStock
npdb,MyCompanyLogo_dss_tracking
npdb,EDI_PurchaseOrderContact
npdb,CUS_DSA_M
npdb,init_inv
npdb,MFG_StockShip_D
npdb,POR_PickedOrderCombinedAudit_D
npdb,SCN_SyncBatch_M
npdb,EDI_812_Code_M
npdb,SalesCompanyPhysician
npdb,CRM_CustomerGroup_D
npdb,EML_Source_M_dss_tracking
npdb,CustomerPrice
npdb,City_dss_tracking
npdb,WS_ContractItem_dss_tracking
npdb,KCS_EPCLotVerification_M
npdb,INV_ItemMeasurements_D
npdb,LOG_DatabaseLogEntryType
npdb,WS_ContractPrice_D
npdb,POR_Invoice_D
npdb,INV_LocationRequiredLicense_D
npdb,CHB_WRK_ValidationSplit_T
npdb,CMN_AdjustmentType_M
npdb,InventoryTranIntegrity
npdb,SCN_POR_WRK_SalesOrderPicking_M
npdb,InventoryStatusChange
npdb,EPCIS_Event_M
npdb,INV_LocationParameters_D
npdb,InventoryTranType
npdb,HPG
npdb,ProductType
npdb,SC_RPL_PurchaseOrderControl_M
npdb,POR_IncentiveType_M
npdb,KCS_EPCLotVerification_D
npdb,ScannerSyncSession
npdb,WS_GpoMember
npdb,POR_EDI_856_D
npdb,PurchaseOrderDcLicense
npdb,EDI_Invoice
npdb,CUS_ContactIdentificationCode_D_dss_tracking
npdb,POR_IncentiveType_M_dss_tracking
npdb,EPCIS_CustomerEvent_D
npdb,POR_CombinedShipment_D
npdb,SCN_POR_WRK_SalesOrderPicking_D
npdb,GEN_NoteType_M
npdb,APP_ReportChannel_D_dss_tracking
npdb,INV_LocationLicense_D
npdb,ShippingTrackingRange
npdb,CHB_TextException_T
npdb,CMN_ContractRate_D
npdb,MessageType
npdb,SLS_SampleStockMonthEnd_D
npdb,CUS_DSA_ContractSalesItemOvd_D
npdb,MergedCustomerList
npdb,SCN_SyncBatchTranNo_R
npdb,SLS_SalesRepTerritory_R_dss_tracking
npdb,MessageTypeGroup
npdb,a
npdb,WS_Sale_WS_Customer_Item_Purchases
npdb,POR_Invoice_D_dss_tracking
npdb,PurchaseOrderDetails_rest
npdb,CHB_RevalidateException_T
npdb,POR_IncentiveDiscount_D_dss_tracking
npdb,ShippingTrackingNotification
npdb,CUS_PhysicianDesignation_M
npdb,EDI_WRK_OrderLine
npdb,POR_EDI_856_Status_H
npdb,SCN_POR_WRK_SalesOrderPicking_D_issue
npdb,SHP_UniqueDimShipperQty_D_config_id_1
npdb,SCN_SER_SyncBatch_M
npdb,KCS_KitCheckPrefix_M
npdb,EDI_864_Message_D
npdb,EDI_855_PurchaseOrderAcknowledgmentStatus_M
npdb,WS_CustomerRanking_test
npdb,SCN_POR_WRK_SalesOrderPicking_M_issue
npdb,MergedCustomers
npdb,CUS_PreventCombinedShipment_D
npdb,CMN_ContractAdjustment_D_WRK
npdb,AuditInventorySync
npdb,ReportParameterValues
npdb,EPCIS_POR_SerializedStatus_M
npdb,ShippingTrackingMap
npdb,ZipCode_dss_tracking
npdb,OrderStatus
npdb,EDI_812_Header_M
npdb,EDI_845_WholesalerIdentificationCode_D
npdb,ReportParameters
npdb,CustomerType
npdb,ADM_Period_M
npdb,CHB_QuantityException_T
npdb,POR_SHP_WRK_OrderInfo_M_021220
npdb,POError
npdb,EDI_PurchaseOrder
npdb,CUS_ContactIdentificationCodeSchedule_R_dss_tracking
npdb,ReportRequests
npdb,POR_EDI_856_Status_M
npdb,CUS_CustomerWS_Customer_R
npdb,POR_PickedLot_M_dss_tracking
npdb,PickListClobber
npdb,Reports
npdb,EDI_855_PurchaseOrderEventType_M
npdb,InventorySync
npdb,SLS_TerritoryGroup_M
npdb,INV_ItemVaultStorage_D
npdb,PickListClobberLots
npdb,EML_Source_M
npdb,WS_ContractCommissionRate
npdb,INVC_TermsBasisDateCode_M_dss_tracking
npdb,EDI_864_Message_M
npdb,CSOS_LinkSerialNo_D_dss_tracking
npdb,CUS_CBRInfo_M
npdb,cbr_inventoryreturnmap
npdb,EPCIS_POR_Serialized_D
npdb,PriorityCode
npdb,SCN_SER_SyncBatch_D
npdb,CMN_WRK_CommissionSummary
npdb,WS_ContractFeeDownloadTemplate_R
npdb,dtproperties
npdb,EDI_867_SalesTransferLines_D
npdb,POR_IncentiveDiscount_D
npdb,CMN_CommSchedule_M
npdb,POR_Terms_M
npdb,ADM_Population_D
npdb,ShippingCompany
npdb,CRM_ContractSales_V
npdb,EDI_855_PurchaseOrderAcknowledgment_D
npdb,InventoryTransaction
npdb,WS_ContractFeeSchedule_D
npdb,PurchaseOrderDcLicense_dss_tracking
npdb,SLS_SalesRepWS_CustomerRanking_R
npdb,SCRT_ReplCustomer_D
npdb,SLW_WS_CustomerPurchaseBehaviorSummary_D
npdb,SLS_DeviceType_M
npdb,CSOS_ReceiveStatus_M_dss_tracking
npdb,x
npdb,STDB_Forms
npdb,POR_ShipmentConfiguration_M_dss_tracking
npdb,EDI_867_SalesTransferParty_D
npdb,SHP_UniqueDimIgnoreItem_D
npdb,POR_DEA222Label_D
npdb,CHB_DateException_T
npdb,y
npdb,STDB_INVENTORYTRANSACTION_edit
npdb,item_inactive
npdb,InventoryTransactionSignature
npdb,EDI_812_Adjustment_D
npdb,cdosysmail_failures
npdb,POR_NoteType_M
npdb,EDI_852_Name_D
npdb,WS_ContractFeeDetail_T
npdb,old_STDB_MainMenu
npdb,EDI_Functions_D
npdb,InventoryTransaction_FB0013A
npdb,STDB_Login_History
npdb,PurchaseOrderDetailDeletes
npdb,EDI_PurchaseOrderRef
npdb,Ad_hold
npdb,SLW_WS_CustomerPurchaseBehavior_D
npdb,State
npdb,Customer_PPD
npdb,InventoryLocation_dss_tracking
npdb,old_STDB_MenuItems
npdb,Customer
npdb,InventoryStock_FB0013A
npdb,STDB_MENU
npdb,POR_UnpackedOrdersShipped_D
npdb,CUS_MemberUploadTemplate_D
npdb,WS_Contract
npdb,carton_init
npdb,EDI_ErrorCodes
npdb,old_STDB_Roles
npdb,InventoryStockSerialized_FB0013A
npdb,STDB_MainMenu_BAK
npdb,InventoryStockSerialized
npdb,SLW_SalesQuery_M
npdb,CRM_CustomerSales_V
npdb,ChargeBacks
npdb,CUS_DSA_BasePercent_D
npdb,INV_CertificateOfAnalysis_M
npdb,POR_IncentiveDiscountNetPrice_D
npdb,bcPurchaseOrder
npdb,old_STDB_RoleMenu
npdb,EDI_CustomerTransaction_D
npdb,MonthStartDate
npdb,ShipmentDetail_2152914
npdb,STDB_MenuItems_BAK
npdb,PurchaseOrderDetails_dss_tracking
npdb,fg_lots
npdb,SCN_OrderType_M
npdb,SLS_TerritoryWS_Customer_R
npdb,STDB_MainMenu
npdb,SLS_Territory_M_dss_tracking
npdb,PurchaseOrderDiscount_20200221
npdb,ADM_Gateway_M
npdb,SLW_WS_CustomerSaleExist_D
npdb,PickListSync
npdb,POR_InvoiceTerms_D_dss_tracking
npdb,SER_IssuedNumbers_D
npdb,POR_IncentiveDiscountNetPrice_D_dss_tracking
npdb,EDI_852_POS_D
npdb,STDB_RoleMenu_BAK
npdb,EDI_812_HeaderReference_D
npdb,INV_ItemPackage_M
npdb,EDI_PurchaseOrderLine
npdb,customer_changed_primary_address
npdb,SLW_WS_CustomerWithSales_D
npdb,ShippingCompanyAccount_dss_tracking
npdb,Months
npdb,CUS_CustomerGroup_R
npdb,GPOMEMDATA
npdb,EDI_Transaction_M
npdb,SHP_UniqueDimShipperQty_D_Ticket7304
npdb,temp_prx
npdb,ShippingCompanyAccountType_dss_tracking
npdb,POR_IncentiveItem_D
npdb,CMN_ContractRate_D_WRK
npdb,STDB_Roles_BAK
npdb,APP_SalesSource_M
npdb,UPS_ShippingCompanyMethod
npdb,APP_ReportType_M
npdb,Years
npdb,CUS_NetPrice_WRK
npdb,SHP_UniqueDimConfig_M_Ticket7304
npdb,WIP_ProductClassificationCartHeader_R
npdb,STDB_UserRole
npdb,ADM_GatewayAccount_D
npdb,App_User_M
npdb,SLW_WS_CustomerMonthlySales_D
npdb,POR_OrderCCPayment_D
npdb,CSOS_EDI_Export_D
npdb,WS_ContractFeePercentItem_R
npdb,CUS_KitCheckItem_R
npdb,ol
npdb,bcOrderLine
npdb,CMN_SalesRepAdjustment_D
npdb,STDB_UserStatus
npdb,InventoryCount
npdb,POR_PriceGroupItem_D_dss_tracking
npdb,POR_SHP_WRK_OrderInfo_M
npdb,CMN_DateBasis_M
npdb,STDB_RoleMenu_Ticket6215
npdb,CMN_WS_CustomerHaircut_D
npdb,ShippingCompanyPackage
npdb,POR_PriceGroup_M_dss_tracking
npdb,STDB_UserType
npdb,APP_Parameter_M
npdb,cs_licenses
npdb,Shipment
npdb,APP_ReportChannel_D
npdb,WS_CustomerChanged_D
npdb,ShippingMethodZipCode
npdb,OTC_OrderStatus_M
npdb,CRT_RPT_ActivityReport
npdb,EDI_CompanyInfo
npdb,INV_ItemGLCode_D
npdb,AMP_BigWholesaler
npdb,POR_Incentive_M
npdb,ShipmentDetail
npdb,VATYPES
npdb,KCS_EPCLog_M
npdb,CUS_DSA_ContractDetail_T
npdb,WS_WRK_AddItemToContracts_M
npdb,WS_ContractItemFirstAdd_D_dss_tracking
npdb,cs_noship_license
npdb,SLW_Item_M
npdb,CUS_UnitSale_R
npdb,CRM_County_M
npdb,WS_CustomerIdentifier_D
npdb,POR_TrackingUIType_M
npdb,TSK_Priority_M
npdb,cs_noship_states
npdb,POR_SHP_WRK_OrderLine_D
npdb,CSI_AtomizerComplaintNature_R_AT
npdb,APP_Usage_D
npdb,POR_IncentiveBundleDiscount_D
npdb,cs_state_licenses
npdb,INV_QA_UserMfg_R
npdb,OrderLine
npdb,KCS_EPCLog_D
npdb,CHB_TranType_M
npdb,WS_WRK_AddItemToContracts_D
npdb,POR_SHP_WRK_OrderLine_D_dss_tracking
npdb,CHB_ExceptionCode_M
npdb,PLT_Palletizer_M
npdb,WS_ContractDocument_D
npdb,CHB_Notes_D
npdb,ASRS_ManualInduction_FG
npdb,ADM_Period_M_dss_tracking
npdb,ShippingLocation
npdb,SampleCard
npdb,INV_LocationLicense_D_20180217
npdb,ADM_StandardWords_D
npdb,SLS_SalesRepDevice_D
npdb,SLS_OTC_Stock_D
npdb,CalendarQuarter
npdb,CSI_Form_AtomizerComplaint_M
npdb,POR_IncentiveBundleDiscountItem_D
npdb,SampleCardItems
npdb,EDI_CustomerContact_M
npdb,ShippingMethod_tmp
npdb,POR_ShipmentPackage_M
npdb,INV_LocationIdentifier_D
npdb,CBR_Transaction
npdb,INVC_TermsTypeCode_M_dss_tracking
npdb,INV_CertificateOfAnalysis_M_dss_tracking
npdb,ScannerCategory
npdb,AuditTrail
npdb,ShippingMethod
npdb,CUS_DSA_ContractSalesOvd_D
npdb,CHB_CBResponse_M_849_resend
npdb,ASRS_ManualRetrieval_FG
npdb,POR_Incentive_M_dss_tracking
npdb,ADM_CompanyShipment_D
npdb,ScannerProfile
npdb,APP_Module_M
npdb,POR_SACCharges_D
npdb,SLS_OTC_CycleCount_D
npdb,CHB_ResponseStatus_M
npdb,WS_ContractItemPrice_R_Age
npdb,Customer_dss_tracking
npdb,PurchaseOrderDiscount
npdb,ScannerReason
npdb,EDI_NameType_M
npdb,EDI_CustomerContact_D
npdb,CustomerContacts
npdb,ShippingCompanyAccount
npdb,AuditTrailDetail
npdb,fda_orders_20070913
npdb,CUS_MemberUpload_M
npdb,AUDIT_InventoryStock
npdb,SER_ExtensionDigit_M
npdb,CUS_DSA_NonContractItemOvd_D
npdb,ASRS_OpenInduction_FG
npdb,POR_ShipmentConfiguration_M
npdb,AMP_DirectCustomerType
npdb,CSI_Form_AtomizerComplaint_M_AT
npdb,SLS_TerritoryCustomer_R_dss_tracking
npdb,TSK_Status_M
npdb,SCN_POR_WRK_SalesOrderPickingSerialNo_D
npdb,OTC_OrderCCPayment_D
npdb,MyCompanyLogo
npdb,EDI_867_SalesCode_M
npdb,SSSV2_MENU
npdb,CHB_CBResponse_M
npdb,INVC_SACCode_M_dss_tracking
npdb,EDI_NameCodeType_M
npdb,App_User_M_dss_tracking
npdb,Pims_Jobs
npdb,SLS_OTC_Order_M
npdb,GEN_Note_ReminderTime_M
npdb,ShippingCompanyAccountType
npdb,WS_WRK_EditItemInContracts_M
npdb,InventoryStockSerializedKit
npdb,ws_gpoMember_22
npdb,sssv2_user
npdb,SCN_CombinedOrderAgg_M
npdb,ShippingCompanyMethod
npdb,SalesCompany
npdb,ZipCodes_NEW
npdb,POR_PriceGroupNote_R
npdb,SSSv2_Login_History
npdb,APP_DocType_M
npdb,CSI_AtomizerComplaintReplacementUnit_R
npdb,CBR_Adjustment
npdb,SER_ReferenceSource_M
npdb,WS_ContractStockAllowance_D
npdb,POR_ShipmentConfiguration_D
npdb,CSI_ReplacementDeliveryMethod_M
npdb,sssv2_PurchaseOrder_edit
npdb,InventoryTransactionTest
npdb,PO_1003484
npdb,EDI_820_RemittanceAdjustment_D
npdb,CBR_CreditMemo
npdb,WS_WRK_EditItemInContracts_D
npdb,Status
npdb,PO_items_1003484
npdb,CBR_CreditMemoDetails
npdb,CUS_CustomerContractPrice_R
npdb,SLS_OTC_Order_D
npdb,POR_SACCharges_D_dss_tracking
npdb,EDI_GP_Vendor_Map_D
npdb,SCN_CombinedOrderAgg_D
npdb,Subscription
npdb,Country_dss_tracking
npdb,CBR_CreditMemoNotes
npdb,SHP_Status_M
npdb,AMP_Item
npdb,CMN_Item_D
npdb,STDB_Modules
npdb,UOM
npdb,CSI_AtomizerComplaintSerialNo_R
npdb,STDB_Users
npdb,EDI_820_RemittancePayment_D
npdb,CBR_InventoryReturn
npdb,CHB_CBParameter_M
npdb,SER_AppModule_M
npdb,UserCustomer
npdb,APP_ContactType_M
npdb,CUS_WacPrice_WRK
npdb,wrong_OrderLine_ML
npdb,CBR_InventoryReturnEmail
npdb,TMP_ContractCUstomer_R
npdb,CSI_AtomizerComplaintNature_R
npdb,UserCustomerPermissions
npdb,CBR_InventoryReturnExceptionMaster
npdb,INV_DrugSchedule_M
npdb,SHP_FGOrder_M
npdb,ShippingMethodZipCode_dss_tracking
npdb,AMP_ExemptContract
npdb,CSI_GroupName_M
npdb,UserGroup
npdb,EDI_820_RemittancePaymentAdj_D
npdb,CHB_ContractExceptionSuppression_R
npdb,ShipmentNotification
npdb,CBR_InventoryReturnExceptions
npdb,o
npdb,WS_WRK_DeleteItemFromContracts_M
npdb,CUS_IdentificationCodeType_M_dss_tracking
npdb,Item_dss_tracking
npdb,PurchaseORderDiscount_bak
npdb,UserSalesCompany
npdb,CSI_Customer_M
npdb,POR_OrderType_M
npdb,ScannerSendLocation
npdb,CBR_InventoryReturnItem
npdb,SER_StandardType_M
npdb,WS_ContractGpo
npdb,CUS_DSA_NonContractSalesOvd_D
npdb,CSI_AtomizerComplaintNature_M
npdb,ShippingPackageType
npdb,EML_SendMail_T_dss_tracking
npdb,ShipmentCombinedOrder
npdb,YesNo
npdb,ws_salesmanAss_dels
npdb,EDI_CustomerGroupTransaction_R
npdb,CBR_InventoryReturnReason
npdb,CUS_MemberUploadLookup_D
npdb,WS_ContractFeeSchedule_D_dss_tracking
npdb,WS_ContractHospital
npdb,PurchaseOrder_20190404
npdb,STDB_MenuItems
npdb,CMN_ContractItem_D
npdb,CSI_EncounterNote_D
npdb,State_dss_tracking
npdb,ZipCode
npdb,SCH_freq_interval_M
npdb,CBR_InventoryReturnReceive
npdb,WS_ContractItem
npdb,OrderLine_20190404
npdb,WS_WRK_DeleteItemFromContracts_D
npdb,INVC_WRK_PrintInvoices_D
npdb,PLT_Palletizer_D
npdb,SalesCompanyBranch
npdb,EDI_820_Remittance_M
npdb,WS_ClassOfTradeTranslation
npdb,CBR_Sequence_Generator
npdb,REPL_WRK_InventoryTransaction
npdb,CUS_PriceGroup_R_dss_tracking
npdb,WS_ContractType
npdb,CHB_CustomerExceptionCode_D
npdb,STDB_Roles
npdb,SCH_freq_relative_interval_M
npdb,APP_Images_M_dss_tracking
npdb,EDI_CustomerItem_R
npdb,POR_PastDueInvoiceStatus_M
npdb,CBR_TranControl
npdb,WS_ContractWholeSeller
npdb,SLS_RPT_WRK_SampleAcctReport_D
npdb,OrderLine_BU190409a
npdb,ShippingOptimizer
npdb,schema_info_dss
npdb,CBR_TranSource
npdb,InventoryLotRepack
npdb,WS_GPO
npdb,STDB_RoleMenu
npdb,CUS_IdentificationCodeType_M
npdb,SCH_freq_type_M
npdb,CSI_Intake_M
npdb,EDI_210_LineItemLocation_R
npdb,CBR_TranType
npdb,SLS_OTC_TRN_TranTypeIntegrity_D
npdb,OrderLine_BU190409b
npdb,scope_info_dss
npdb,INV_KitLot_M_dss_tracking
npdb,CUS_DSA_T
npdb,SLS_DistributionStatus_M
npdb,CUS_MemberUpload_D
npdb,INV_KitLot_M
npdb,CSI_EncounterIssueType_M
npdb,POR_InvLocationShipTo_R
npdb,INVC_SACIndicator_M_dss_tracking
npdb,TSK_Task_D
npdb,POR_PastDueInvoice_D
npdb,CBR_WS_Balance
npdb,PriorityCode_dss_tracking
npdb,CSOS_EDI_Export_M
npdb,WS_ContractFeePymtFreq_M
npdb,App_User_M_DEL
npdb,RTN_RPL_Lot_M
npdb,CBR_WS_BeginBalance
npdb,SLS_OTC_TRN_TranType_M
npdb,WS_ContractFeePercent_D_dss_tracking
npdb,PurchaseOrderDiscount_dss_tracking
npdb,CBR_WS_Control
npdb,SLS_OrderStatus_M
npdb,WS_ContractItemPrice_R_1021
npdb,CMN_SalesSource_M
npdb,APP_ID_M
npdb,INV_ProductTypeNewInvTranType_R
npdb,scope_config_dss
npdb,App_User_M_DEL_dss_tracking
npdb,CBR_WS_ItemWacMaster
npdb,INV_KitComponentLot_D
npdb,OrderLine_66762
npdb,CBR_WS_ReportedBalance
npdb,SLS_TRN_TranTypeIntegrity_D
npdb,SLS_OTC_TRN_Transaction_T
npdb,PurchaseOrder
npdb,POR_Terms_M_dss_tracking
npdb,PurchaseOrderDiscount_66762
npdb,provision_marker_dss
npdb,OTC_ResendEmail_D
npdb,SYS_DaylightTime_M
npdb,a_cc
npdb,InvReturnExceptionMaster
npdb,CUS_DSA_NonContract_T
npdb,SLS_TRN_TranType_M
npdb,EDI_PurchaseOrderName
npdb,ShipmentDetail_dss_tracking
npdb,SHP_UniqueDimFGItem_D
npdb,WS_ContractFeeTypeSalesSource_R
npdb,WS_Sale_AT
npdb,INV_ItemActiveIngredient_M
npdb,TSK_Assignment_R
npdb,CSOS_Certificate_M
npdb,POR_IncentiveBundleDiscount_D_dss_tracking
npdb,EDI_852_ProductActivity_D
npdb,open_invoices
npdb,QA_Emails
npdb,CSOS_EDI_Export_revert_D
npdb,EDI_ChargeBackTotals
npdb,schott
npdb,CMN_Commission_D_TMP
npdb,WS_ContractItemFirstAdd_D
npdb,SLS_OTC_OrderReceive_D
npdb,SHP_UniqueDimShipperQty_D
npdb,WS_SAC_Loader
npdb,TSK_Task_M
npdb,MFG_StockShip_M
npdb,SLS_SNC_PhysicianStatus_M
npdb,CHB_Settlement_D
npdb,SLS_TRN_Transaction_M
npdb,POR_PickedLot_M
npdb,POR_WRK_RPT_PickList_D
npdb,APP_UserCustomer_R_dss_tracking
npdb,POR_PickedPallet_D
npdb,phy_stats
npdb,CRT_Cart_M
npdb,CSOS_Order_D
npdb,sysdiagrams
npdb,GHX_Account
npdb,INV_ItemUOM_R_dss_tracking
npdb,CUS_Category_M
npdb,InventoryTranError
npdb,WS_Customer
npdb,item_cases
npdb,PurchaseOrderDiscount_20200421
npdb,EDI_ChargeBack
npdb,CSOS_Order_D_dss_tracking
npdb,SLS_SNC_DistributionStatus_M
npdb,WS_ContractItemPrice_R_dss_tracking
npdb,SHP_UniqueDim_M_dss_tracking
npdb,SLS_SNC_Physician_D
npdb,POR_WRK_CustomerPackList_D
npdb,CSI_Form_ProductComplaint_M
npdb,EDI_867_SalesTransfer_M
npdb,APP_Contact_M
npdb,CRT_CartItem_D
npdb,SalesCompany_dss_tracking
npdb,WS_ContractLetter_M
npdb,InventoryStockHistory
npdb,SER_IssuedNumbers_D_947_950
npdb,CSOS_ReceiveStatus_M
npdb,INV_Item_M
npdb,app_images_m_bak
npdb,EDI_InterconnectMethod_M
npdb,EDI_210_Header_M
npdb,SLS_CycleCount_D
npdb,CUS_UnitSale_R_dss_tracking
npdb,INVC_Status_M
npdb,MFG_Manufacturer_M
npdb,OTC_OrderLineLot_D
npdb,ACT_CustomerAudit_T
npdb,POR_PickedPalletCases_D
npdb,CSI_IntakeNature_R
npdb,CSOS_OrderReceipt_D_dss_tracking
npdb,CHB_WRK_PrintResponses_T
npdb,SLS_SNC_Status_M
npdb,INVC_SendMethod_M_dss_tracking
npdb,CSOS_OrderReceipt_D
npdb,OrderLine_dss_tracking
npdb,SLS_SNC_DistributionLines_D
npdb,POR_REC_OrderLine_D_dss_tracking
npdb,SLS_TRK_Beacon_R
npdb,INV_Pallet_D
npdb,EDI_210_LineItem_D
npdb,SER_SSCC96Partition_M
npdb,CRT_CartItemDiscount_D
npdb,OTC_OrderLine_D
npdb,WS_ContractFee_T
npdb,mn
npdb,WS_SalesmanAssignment
npdb,CSI_IntakeNature_M
npdb,cXML_InvoiceDetail
npdb,APP_Note_M
npdb,POR_SHP_WRK_OrderInfo_M_dss_tracking
npdb,CUS_PriceGroup_R_DEL
npdb,Inv_Count_Info
npdb,POR_RecurringFrequency_M
npdb,WS_CustomerRanking
npdb,INV_ItemMN_M
npdb,WS_SaleLineType_M
npdb,CMN_OTC_Commission_D
npdb,STDB_MenuType
npdb,ASRS_InductionDropOffTran_FG
npdb,SCN_POR_WRK_SalesOrderPickingShipment_D
npdb,split_cust
npdb,MyCompany
npdb,CUS_ItemMFGPreference_R
npdb,SLS_SNC_Distribution_D
npdb,EDI_210_Route_D
npdb,CSI_Form_ADE_M
npdb,cXML_Customer
npdb,CSOS_LinkSerialNo_D
npdb,EDI_852_ProductActivity_M
npdb,OTC_OrderError_D
npdb,WS_CustomerContact_Audit
npdb,split_cust_contacts
npdb,ShippingCompany_dss_tracking
npdb,POR_Note_ReminderTime_M
npdb,SHP_UniqueDimConfig_M_dss_tracking
npdb,INV_StockSnapshot_D
npdb,tempNewZip
npdb,WS_Customer_Audit
npdb,POR_WRK_PriceGroupItems_D
npdb,cXML_CustomerGroup_R
npdb,SCH_Schedule_M
npdb,ADM_ObjectPicker_D
npdb,CustomerType_dss_tracking
npdb,Salesman
npdb,Item
npdb,CustomerContactTypes_dss_tracking
npdb,SLS_TRK_UserDevice_M
npdb,CSI_Form_ProductComplaint_M_AT
npdb,CHB_ResubmitType_M
npdb,DIC_Column_D
npdb,WS_ContractChecklist_D
npdb,SLS_DistributionLines_D
npdb,CUS_KitCheckItem_R_dss_tracking
npdb,ASRS_Item_FG_M
npdb,POR_RecurringOrderDetails_D_dss_tracking
npdb,cXML_CustomerGroupTransaction_R
npdb,POR_InvoiceNote_D
npdb,DIC_Table_M
npdb,WS_ContractFeePercent_D
npdb,WH_SalesOrder_D
npdb,ShippingMethod_dss_tracking
npdb,POR_ShipmentConfiguration_M_ms
npdb,ADM_ObjectPicker_M
npdb,EDI_CustomerTransactionElements_D
npdb,PurchaseOrder_dss_tracking
npdb,EDI_Control_M
npdb,split_custs_new
npdb,POR_ShipmentConfiguration_D_ms
npdb,cXML_CustomerTransaction_D
npdb,POR_RecurringOrderDetails_D
npdb,EDI_Code_M
npdb,Messages
npdb,lh_table
npdb,SLS_Distribution_M
npdb,Cust_attn
npdb,CSI_Form_ADE_M_AT
npdb,OTC_Order_M
npdb,custom_price
npdb,CUS_MemberUploadTemplate_M
npdb,Cust_attn2
npdb,cXML_Transaction_M
npdb,POR_InvoiceStatus_D
npdb,POR_REC_PurchaseOrder_M
npdb,WS_ContractType_dss_tracking
npdb,SHP_UniqueDim_M
npdb,Cust_first_last_names
npdb,UserLocations
npdb,APP_Address_M
npdb,EDI_812_AdminContact_D
npdb,WS_GPO_RAW_DATA
npdb,Salesman_dss_tracking
npdb,MFG_Item_M
npdb,CUS_ContactIdentificationCodeSchedule_R
npdb,POR_PopulatePickedLot_T
npdb,WS_ContractFeePymtSchedule_T
npdb,CSI_IntakeNature_R_AT
npdb,CHB_ExceptionType_M
npdb,WRK_InventoryTransaction
npdb,WS_ContractFeeDownloadDBColumn_M
npdb,ShippingDiscount
npdb,SLS_SNC_Master_M
npdb,EDI_POSendStatus_D
npdb,APP_SecurityPolicy_M
npdb,ISampler_PHY
npdb,UserLocation
npdb,POR_OrderTypeFillLocation_R
npdb,CUS_PriceGroup_R
npdb,INVC_Status_M_dss_tracking
npdb,APP_ContactIdentifier_D
npdb,UOM_dss_tracking
npdb,ISampler_APP_Note_M
npdb,SHP_UniqueDimConfig_M
npdb,POR_PickedOrderAudit_M
npdb,PurchaseOrderDetails
npdb,sage_cust
npdb,CSI_Intake_M_AT
npdb,ISampler_CRM_HospitalGroups
npdb,RTN_RPL_Lot_History_M
npdb,ShippingDefault
npdb,WS_SaleException
npdb,sage_Cust1
npdb,iSampler_SLS_TerritoryWS_Customer_R
npdb,POR_ShipToStateRequiredLicense_D
npdb,WS_SaleExceptionDesc
npdb,TRN_ProductTypeNewInvTranType_R
npdb,CHB_ExceptionStatus_M
npdb,CHB_Transaction_T
npdb,iSampler_PHY_Contacts
npdb,WS_Sale_M
npdb,POR_WRK_ShipmentConfiguration_M
npdb,SLS_Mileage_M
npdb,ProductType_dss_tracking
npdb,INVC_GL_PIMS_Map_R
npdb,rec_orders
npdb,CRM_DEAStealthSales
npdb,WS_ContractUOM_M
npdb,iSample_WS_CustomerIdentifier_D
npdb,GEN_Note_D
npdb,POR_RecurringOrder_D
npdb,CSI_Customer_M_AT
npdb,POR_REC_OrderLine_D
npdb,CRM_mgr_messages
npdb,POR_RecurringFrequency_M_dss_tracking
npdb,WS_ContractItemPrice_R
npdb,CUS_CustomerItem_D_dss_tracking
npdb,POR_PickedOrderAudit_D
npdb,CHB_Liability_T
npdb,CRM_mgr_msg_distribution
npdb,EDI_812_PartyIdentification_D
npdb,SLS_OTC_StockMonthEnd_D
npdb,ShippingCompanyMethod_dss_tracking
npdb,WS_Sale
npdb,ADM_MyCompanyTranResetLog_T
npdb,CustomerContacts_dss_tracking
npdb,EDI_CustomerGroup_R
npdb,POR_WRK_ShipmentConfiguration_D
npdb,INV_SHL_ShuttleStorage_D
npdb,CUS_ComplaintNature_R
npdb,crm_hospital_groups
npdb,PurchaseOrderShipToLicense
npdb,INV_LocationIdentifier_D_dss_tracking
npdb,OrderStatus_dss_tracking
npdb,INVC_SACCode_M
npdb,crm_hospital_groups_details
npdb,PurchaseOrderLot
npdb,INV_RPL_LocationLicense_Notification_D
npdb,SLS_RPT_SampleAcctReport_D
npdb,InventorySampleStock
npdb,INV_AutoLotNo_M
npdb,WS_SaleResubmit_D
npdb,CHB_Settlement_T
npdb,CSI_EncounterIssue_D
npdb,IMO_Status_M
npdb,INVC_SACIndicator_M
npdb,CUS_DSA_BasePercentItem_D
npdb,ShippingOptimizer_dss_tracking
npdb,SHP_UniqueDimShipperQty_D_dss_tracking
npdb,INVC_TermsBasisDateCode_M
npdb,CUS_Complaint_M
npdb,LBL_Logistical_Unit_Type
npdb,APP_StringList
npdb,ScannerAudit
npdb,POR_PaymentType_M
npdb,POR_IncentiveBundleDiscountItem_D_dss_tracking
npdb,POR_PickedOrderShipperAudit_D
npdb,PONotes
npdb,POR_SHP_WRK_GetRates_Instructions_D
npdb,KCS_KitCheckBadPrefix_M
npdb,INVC_TermsTypeCode_M
npdb,CHB_WRKRPT_CB_SettlementHistory
npdb,WS_ClassOfTrade
npdb,IMO_FG_Order_M
npdb,temp_premier_members
npdb,LBL_Logistical_Unit_T
npdb,SLE_LotSalePrice_M
npdb,INV_LocationLicense_D_delete
npdb,data_files
npdb,CSI_ShipManagerExport_M
npdb,POR_OrderSource_M
npdb,WS_ContractCheckListTemplate_M
npdb,pod_wrong_discount
npdb,POR_Note_D
npdb,CSI_Encounter_D
npdb,POR_WRK_PriceGroupCustomer_D
npdb,rec_orders_bak
npdb,INV_LocationLicense_D_bk
npdb,WS_ContractUOM_M_dss_tracking
npdb,WS_ContractFeeType_M
npdb,POR_ShipmentPackage_M_dss_tracking
npdb,CHB_WRKRPT_CurrentLiability
npdb,SLS_SNC_PhysicianValidationError_D
npdb,CUS_ContactIdentificationCode_D
npdb,MFG_ShipDoc_D
npdb,CUS_Category_M_dss_tracking
npdb,InventoryLocation
npdb,Shipment_dss_tracking
npdb,INV_ItemUOM_R_1238_1251_20200925
npdb,POR_REC_OrderLine_D_BAK
npdb,item_strings
npdb,POR_Coupon_M
npdb,AR1_CustomerMaster
npdb,CSI_ShipManagerExport_D
npdb,INVC_SendMethod_M
npdb,SLS_SalesRepTerritory_R
npdb,SHP_UniqueDimConfig_M_20200925
npdb,POR_REC_PurchaseOrder_M_BAK
npdb,MyCompany_dss_tracking
npdb,Session_Variables
npdb,SLS_TargetSalesItem_D
npdb,hospital_groups
npdb,WS_ContractCheckListTemplate_D
npdb,ESIG_eSignature
npdb,CUS_ComplaintNature_M
npdb,EDI_812_ExtendedReference_D
npdb,INV_WRK_Damage_M
npdb,message
npdb,CHB_MoneyException_T
npdb,MKS_rec_orders
npdb,WS_Contract_dss_tracking
npdb,POR_PriceGroup_M
npdb,APP_Images_M
npdb,ADM_Holiday_M
npdb,WS_ContractFeePercentItem_R_dss_tracking
npdb,SLS_OrderReceive_D
npdb,EDI_832_PriceSalesCatalogStatus_M
npdb,INV_Movement_D
npdb,CUS_ComplaintNature_R_AT
npdb,POR_CreditCardType_M
npdb,WS_CommissionStructure
npdb,CUS_MemberUploadDBColumns_M
npdb,INV_WRK_DamageCase_D
npdb,INV_SHL_PickedItem_D
npdb,EDI_B2BControl_M
npdb,CommunicationType
npdb,SC_RPL_PurchaseOrder_T
npdb,POR_AuditFailedReason_M
npdb,CSI_EncounterIssueStep_D
npdb,APP_UserCustomer_R
npdb,ShipmentSourceType
npdb,CombSalesCommission
npdb,CUS_Complaint_M_AT
npdb,INV_ItemUOM_R
npdb,POR_IncentiveItem_D_dss_tracking
npdb,INV_KitComponentLot_D_dss_tracking
npdb,POR_PriceGroupItem_D
npdb,SHP_UniqueDimUOM_D
npdb,POR_PickedItem_D
npdb,CMN_Commission_D
npdb,CUS_CustomerContractPrice_R_dss_tracking
npdb,WS_SalesRepCall
npdb,EDI_832_TransactionSetPurposeCode_M
npdb,SLS_Territory_M
npdb,SLS_SalesRepTerritoryGroup_R
npdb,ChargeCode
npdb,WS_ContractPriceNotification_H
npdb,CRM_CustomerGroup_M
npdb,SLS_SampleStock_D
npdb,ShipmentSource
npdb,CMN_ContractAdjustment_D
npdb,City
npdb,POR_EDI_856_D_dss_tracking
npdb,WS_ContractDetail
npdb,INV_StateRequiredLicense_D
npdb,CSI_EncounterIssueFeedback_D
npdb,Country
npdb,SER_MergePallet_M
npdb,WS_RPT_WholesalerContractPx_X
npdb,CUS_CustomerItem_D
npdb,WS_ContractParty
npdb,POR_OrderSchedule_D
npdb,SLS_TerritoryCustomer_R
npdb,INV_SerializedLableRoll_M
npdb,fda_orders
npdb,POR_REC_PurchaseOrder_M_dss_tracking
npdb,EDI_832_PriceSalesCatalog_D
npdb,SLE_LotSalePrice_M_dss_tracking
npdb,POR_PickedOrderCombinedAudit_M
npdb,INV_LotSerialInfo_D
npdb,correct_exp_dates
npdb,CustomerContactTypes
npdb,SER_Range_M
npdb,SLS_Order_M
npdb,POR_ShipmentDeliveryHours_D
npdb,SLS_TerritoryGroup_R
npdb,wrong_expiration_dates
npdb,CMN_Commission_M
npdb,zero_lots
phdb,SPL_WellPlateResultSampleErrorNotification_D
phdb,SER_SerialUsageType_M
phdb,SPL_WellPlateResult_M_AC00DSEU
phdb,SPL_WellPlateResult_D_AC00DSEU
phdb,SPL_SpecimenBarcode_M
phdb,LAB_UploadSpecimenLog_M_Ticket7596
phdb,LAB_UploadSpecimenDeleteLog_M
phdb,APP_IDList_D
phdb,SPL_RPT_WellPlateExportResultType_M
phdb,SPL_WellPlateType_M
phdb,SPL_WellPlate_M
phdb,SPL_WellPlateBarcodeNotFound_D
phdb,SPL_WellPlate_D
phdb,SPL_WellPlateResult_D
phdb,SPL_WellPlateResult_M
phdb,LAB_UploadSpecimenLog_M
phdb,EML_Source_M
phdb,EML_SendMail_T
phdb,SPL_RPT_WRK_WellPlate_D
phdb,MyCompanyLogo
phdb,LAB_UploadLog_M
phdb,SPL_WellPlateBarcodeSeq_D
phdb,SPL_WellPlateBarcodeBatch_D
phdb,SPL_WellPlateBarcode_D
phdb,SPL_WellPlateQuadrant_D
phdb,SPL_WellSampleType_M
phdb,LAB_UploadLog_M_backup_1022
phdb,Lab_UploadSpecimenLog_M_backup_1022
phdb,SPL_WellPlateResult_D_backup_1022_2
phdb,SPL_WellPlateResult_M_backup_1022
phdb,SPL_WellPlateResultIgnoreSample_M
PIMS_EDI_Monitor,EDI_Monitor_T
PIMS_EDI_Monitor,sendmails
retain,ProductType
retain,PurchaseOrder
retain,QANewBatch
retain,sendmails
retain,QANewBatch_Audit
retain,MyCompany
retain,QA_Emails
retain,ReportParameterValues
retain,RTN_RPL_ReceiveLot_History_M
retain,ReportParameters
retain,ReportRequests
retain,Reports
retain,SCN_OrderType_M
retain,SSSV2_MENU
retain,RTN_WRK_Order_M
retain,SSSv2_Login_History
retain,STDB_Forms
retain,STDB_INVENTORYTRANSACTION_edit
retain,STDB_Login_History
retain,STDB_MENU
retain,STDB_MainMenu
retain,InventoryCount
retain,sssv2_PurchaseOrder_edit
retain,STDB_MenuItems
retain,sssv2_user
retain,STDB_MenuType
retain,STDB_RoleMenu
retain,STDB_Roles
retain,STDB_UserRole
retain,STDB_UserStatus
retain,RTN_ScannerSync_T
retain,STDB_UserType
retain,STDB_Users
retain,SalesCompany
retain,SalesCompanyBranch
retain,AMP_BigWholesaler
retain,SalesCompanyPhysician
retain,AMP_DirectCustomerType
retain,Salesman
retain,AMP_ExemptContract
retain,RTN_WRK_PrintRetainerOrders_T
retain,SampleCard
retain,AMP_Item
retain,ws_salesmanAss_dels
retain,SampleCardItems
retain,RTN_InitialDataLoad_T
retain,APP_Usage_D
retain,ScannerAudit
retain,AR1_CustomerMaster
retain,ScannerCategory
retain,AUDIT_InventoryStock
retain,ScannerProfile
retain,AuditInventorySync
retain,ScannerReason
retain,RTN_WRK_RetainerLabel_D
retain,CBR_Adjustment
retain,ScannerSendLocation
retain,CBR_CreditMemo
retain,ScannerSyncSession
retain,CBR_CreditMemoDetails
retain,Session_Variables
retain,CBR_CreditMemoNotes
retain,CBR_InventoryReturn
retain,Shipment
retain,CBR_InventoryReturnEmail
retain,ShipmentDetail
retain,CBR_InventoryReturnExceptionMaster
retain,ShippingCompany
retain,CBR_InventoryReturnExceptions
retain,ShippingCompanyMethod
retain,CBR_InventoryReturnItem
retain,ShippingMethod
retain,RTN_WRK_DestroyLot
retain,CBR_InventoryReturnReason
retain,State
retain,CBR_InventoryReturnReceive
retain,Status
retain,CBR_Sequence_Generator
retain,Subscription
retain,CBR_TranControl
retain,UOM
retain,CBR_TranSource
retain,UserCustomer
retain,CBR_TranType
retain,UserCustomerPermissions
retain,CBR_Transaction
retain,UserGroup
retain,CBR_WS_Balance
retain,APP_Forms_M
retain,UserLocation
retain,CBR_WS_BeginBalance
retain,UserSalesCompany
retain,CBR_WS_Control
retain,CBR_WS_ItemWacMaster
retain,WS_ClassOfTrade
retain,CBR_WS_ReportedBalance
retain,WS_ClassOfTradeTranslation
retain,CRM_DEAStealthSales
retain,WS_CommissionStructure
retain,CRM_mgr_messages
retain,WS_Contract
retain,CRM_mgr_msg_distribution
retain,RTN_ROUserSecurity_M
retain,WS_ContractCommissionRate
retain,CalendarQuarter
retain,WS_ContractDetail
retain,ChargeBacks
retain,WS_ContractGpo
retain,ChargeCode
retain,WS_ContractHospital
retain,City
retain,CommunicationType
retain,WS_ContractItem
retain,Country
retain,WS_ContractParty
retain,Customer
retain,InventoryLotRepack
retain,WS_ContractType
retain,RTN_SCN_SyncBatch_M
retain,CustomerContactTypes
retain,WS_ContractWholeSeller
retain,CustomerContacts
retain,WS_Customer
retain,CustomerPrice
retain,WS_CustomerContact
retain,WS_CustomerContact_Audit
retain,RTN_Pallet_M
retain,CustomerType
retain,WS_CustomerRanking
retain,PickListSync
retain,WS_CustomerType
retain,EDI_ChargeBack
retain,WRK_InitLot
retain,WS_Customer_Audit
retain,EDI_ChargeBackTotals
retain,WS_GPO
retain,rtn_
retain,WS_GPO_RAW_DATA
retain,WS_GpoMember
retain,EDI_Customer
retain,WS_SAC_Loader
retain,EDI_ErrorCodes
retain,WS_Sale
retain,EDI_Invoice
retain,WS_SaleException
retain,InventoryLocation
retain,EDI_PurchaseOrder
retain,WS_SaleExceptionDesc
retain,EDI_PurchaseOrderLine
retain,WS_SalesRepCall
retain,EDI_PurchaseOrderName
retain,WS_SalesmanAssignment
retain,EditCustomerPrice
retain,Years
retain,YesNo
retain,INV_Pallet_D
retain,ZipCode
retain,InvReturnExceptionMaster
retain,InvSyncError
retain,bcOrderLine
retain,Inv_Count_Info
retain,bcPurchaseOrder
retain,RTN_OrderType_M
retain,RTN_OrderPickListPrint_D
retain,RTN_WRK_OrderLots_D
retain,InventoryStatus
retain,InventoryStatusChange
retain,InventoryStock
retain,InventoryStockHistory
retain,cdosysmail_failures
retain,InventorySync
retain,Item
retain,RTN_OrderLots_D
retain,crm_hospital_groups
retain,crm_hospital_groups_details
retain,custom_price
retain,InventoryTranError
retain,RTN_NewLot_T
retain,InventoryTranIntegrity
retain,InventoryTranType
retain,gpo_dea
retain,InventoryTransaction
retain,hospital_groups
retain,RTN_WRK_PrintPickList_T
retain,RTN_OrderReason_M
retain,MergedCustomerList
retain,MergedCustomers
retain,message
retain,MessageType
retain,MessageTypeGroup
retain,Messages
retain,Months
retain,OrderLine
retain,OrderStatus
retain,POError
retain,RTN_ScannerSync_Inv_T
retain,PONotes
retain,PickListClobber
retain,RTN_Order_M
retain,PickListClobberLots
retain,dtproperties
retain,Pims_Jobs
retain,PriorityCode
stadtrl,ADT_EventTypeGroup_M
stadtrl,ADT_EventType_M
stadtrl,ADT_EventTypeAuditDescriptor_D
stadtrl,ADT_AuditTrail_M
stadtrl,ADT_AuditTrail_D
stadtrl,ADT_AuditTrailData_D
stinv,WIP_ProductionFillSequence_M
stinv,WIP_RDBatchSeq_D
stinv,adminRole
stinv,Ticket4897
stinv,APP_Admin_M
stinv,STB_TestType_M
stinv,WIP_PAC_RetrievalStatus_M
stinv,EDM_EditControlFieldSettings
stinv,EBR_FWT_VialTest_D
stinv,EVT_Event_M
stinv,WIP_ProductionRun_M_DEL
stinv,CAG_UtilizationBucketTranType_R
stinv,WIP_PackItemActiveIngredient_M
stinv,APP_Menu_M
stinv,INV_Stock_D_PRC_20200915
stinv,POR_RAW_WRK_ReceivingBatchStatus_M
stinv,EDM_DefaultEntitySettings
stinv,FML_WD_Event_D
stinv,BCD_ApplicationIdentifier_M
stinv,WIP_PAC_PartsRetrieval_D
stinv,WIP_ProductionFillSequence_M_FB0013
stinv,PhoneDigits
stinv,APP_PagesVisited_D
stinv,WIP_productBatchSeqYYMMDDA_D
stinv,STB_TranError_T
stinv,WIP_PackStatus_M
stinv,STB_StudySchedule_D
stinv,FML_WD_RM_Lot_D
stinv,WIP_ProductionRun_M_FB0013
stinv,MFG_ManufacturerContact_R
stinv,EDM_DefaultEntityFieldSettings
stinv,APP_RoleMenu_R
stinv,IMO_WIP_Order_M
stinv,EVT_EventType_M
stinv,WIP_Transaction_T_FB0013
stinv,INV_STOCK_D_X_Location
stinv,CAG_CageItem_D
stinv,APP_Role_M
stinv,POR_RAW_WRK_ReceivingBatch_M
stinv,WIP_Stock_M_FB0013
stinv,TRN_Transaction_T_X_Location
stinv,EDM_EditControlSettings
stinv,APP_SecurityPolicy_M
stinv,WIP_Pallet_M_FB0013
stinv,SCN_ScannerType_M
stinv,APP_UserDistributionThreshold_M
stinv,WIP_productBatchSeqYYMMDDAHelper_M
stinv,IMO_INV_Order_M
stinv,INV_SubLocation_D
stinv,WIP_PackItemPackage_R
stinv,WIP_PalletContainer_D_FB0013
stinv,INV_StorageProximity_M
stinv,APP_UserPOThreshold_M
stinv,STB_StockUnit_D
stinv,pallets_522012_1_6_12
stinv,FML_WD_RM_SystemLot_D
stinv,WIP_PackOrder_M_FB0013
stinv,CAG_Cage_M
stinv,Machines
stinv,IMO_WIP_OrderPickPallet_D
stinv,APP_UserRole_R
stinv,EBR_FWT_DryParisonWtRange_M
stinv,pallet_containers_522012_1_6_12
stinv,ADM_ShiftSchedule_D
stinv,STB_MasterFormulation_M
stinv,IMO_CAG_Order_M
stinv,stb_522011_trans
stinv,WIP_PackOrderSerialization_D
stinv,inv_package
stinv,stb_522011_stock
stinv,POR_RAW_WRK_ReceivingBatch_D
stinv,CAL_Category_M
stinv,repair_item_uom_bak
stinv,stb_522011_stockunits
stinv,APP_LoginHistory_D
stinv,CAL_CommunicationType_M
stinv,IMO_Status_M
stinv,repair_item_package
stinv,STB_Chamber_M
stinv,stb_522011_tran_types
stinv,FML_WD_Container_D
stinv,WIP_ProductionFillSequenceWaste_D
stinv,CAL_ContactType_M
stinv,WIP_PAC_PartsUtilized_D
stinv,repair_item_uom
stinv,APP_SET_TrayUnloader_D
stinv,VIS_Notification_T
stinv,CAL_Contact_M
stinv,repair_stock
stinv,WIP_PAC_WRK_ValidateCase_D
stinv,exp_dates
stinv,POR_ReceivingBatchStatus_M
stinv,ADM_CompanyLogo_D
stinv,INV_UOMISO2SI_D
stinv,CAL_EventContact_R
stinv,POR_TermsTypeCode_M
stinv,WIP_Delete_T
stinv,ADM_Shift_M
stinv,WIP_ProductionPLCData_D
stinv,WIP_PackOrderTrayInspection_D
stinv,CAL_Event_M
stinv,STB_SCN_Sync_M
stinv,FML_WD_Waste_D
stinv,WIP_ProductionFillSequence_M_Ticket5472_FB0024
stinv,INV_Stock_D_data_update_back
stinv,CAL_ReminderFrequency_M
stinv,SCN_CAG_FIL_Pick_M
stinv,WIP_Transaction_T_Ticket5472_FB0024
stinv,INV_ItemTypeCodePrefix_D
stinv,EBR_FWT_NoteType_M
stinv,APP_NTY_EventType_M
stinv,WIP_PAC_WRK_ValidateCaseCarton_D
stinv,WIP_PackItemSalesDescription_D
stinv,CAL_CalendarQuarter_M
stinv,POR_PurchaseOrderReceivingBatch_D
stinv,ADM_EmployeeShift_M
stinv,WIP_Stock_M_Ticket5472_FB0024
stinv,DIC_Column_D
stinv,WIP_PrimaryPackSerial_M
stinv,WIP_Stock_M_Ticket6965
stinv,WIP_ProductionRun_M_Ticket5472_FB0024
stinv,DIC_Language_M
stinv,WIP_PAC_WIPSUtilized_D
stinv,WIP_Pallet_M_Ticket6965
stinv,WIP_Pallet_M_Ticket5472_FB0024
stinv,INV_Item_M_UOM_update
stinv,DIC_Module_M
stinv,APP_NTY_EventTypeRole_D
stinv,SCN_CAG_FIL_PickContainer_D
stinv,INV_ItemBasePrice_D
stinv,WIP_PackItemSalesDescription_D_dss_tracking
stinv,WIP_PalletContainer_D_Ticket6965
stinv,IMO_INV_OrderPickPallet_D
stinv,ADM_ScaleUomToUom_R
stinv,VIS_NotificationType_M
stinv,WIP_PackOrder_M_Ticket5472_FB0024
stinv,Ticket4013
stinv,WIP_ProductionStatus_M
stinv,INV_ItemPackage_R_UOM_update
stinv,DIC_Table_M
stinv,STB_SCN_Sync_D
stinv,Ticket4271
stinv,WIP_StockHistory_H_Ticket6300
stinv,WIP_ManualPackOrder_M_Ticket5472_FB0024
stinv,WIP_PackOrderAuthUser_D
stinv,INV_UOMConversion_R
stinv,DIS_DistributionItem_D
stinv,WIP_Transaction_T_Ticket6965
stinv,schott
stinv,POR_PurchaseOrderReceive_D_BU20200707a
stinv,WIP_ManualCaseLabel_M_Ticket5472_FB0024
stinv,WIP_WRK_ProductionContainer_H
stinv,DIS_RequestItem_D
stinv,INV_Stock_D_20200416
stinv,WIP_LotTerminationReason_M
stinv,WIP_PAC_WRK_ValidatePallet_D
stinv,ADM_QuarterlyReport_M
stinv,POR_PurchaseOrder_D_Schott
stinv,POR_PurchaseOrderReceive_D_BU20200709a
stinv,INV_Stock_D_BAK
stinv,DIS_RequestStatus_M
stinv,STB_ManualAddCarton_D
stinv,WIP_PAC_627721_item_barodes
stinv,SPC1500094_tran
stinv,WIP_ProductionRun_M
stinv,POR_PurchaseOrderReceivingLot_D
stinv,TRN_Transaction_T_BAK
stinv,FML_WD_ScaleWeightPoint_D
stinv,DIS_Request_M
stinv,rm_items
stinv,send_receive_fix
stinv,SCN_CAG_FIL_PickContainerItem_D
stinv,INV_ItemType_M
stinv,KPI_WIP_ProductionBaseLine_D
stinv,INV_FireProtectionClass_M
stinv,BB
stinv,ADM_ProductionLinePLCTask_D
stinv,WIP_GroupName_M
stinv,WIP_ProductionFillSequenceStatus_M
stinv,POR_PurchaseOrderReceive_D_20200423
stinv,PCM_OR_UOM
stinv,ADM_QuarterlyReport_M_dss_tracking
stinv,WIP_PackItem_M
stinv,WIP_PackOrderReconType_M
stinv,EML_SendMail_T
stinv,PCM_ITems
stinv,WIP_PackItemReplenishment_D
stinv,INW_LastRun_M
stinv,STB_ProductTestType_R
stinv,WIP_PAC_WRK_ValidatePalletCase_D
stinv,WIP_Stock_M_Ticket7130
stinv,FML_WD_ScaleWeightset_D
stinv,EML_Source_M
stinv,INV_UOMType_M
stinv,CAG_CageType_M
stinv,WIP_Pallet_M_Ticket7130
stinv,POR_PurchaseOrderReceivingContainer_D
stinv,a
stinv,ASRS_Status_M
stinv,EQP_EquipmentType_M
stinv,WIP_RPL_PackItem_T
stinv,WIP_PalletContainer_D_Ticket7130
stinv,b
stinv,POR_PurchaseOrderReceive_D_BU20200710a
stinv,BB1
stinv,ADM_PackTrayUnloader_D
stinv,EQP_Equipment_M
stinv,WIP_PackItemKit_M
stinv,WIP_PAC_PartsOrdered_D
stinv,Pack_id_608_cage_item_d
stinv,EBR_GroupName_M
stinv,WIP_ProductClassificationCartHeader_R
stinv,WIP_Stock_M
stinv,wip_transaction_t_20201024_KE0017a
stinv,WIP_PAC_PLCStatus_D
stinv,WIP_Transaction_T_DEL_150715
stinv,WIP_PackItem_M_bu_190528
stinv,VIS_DBType_M
stinv,INV_StorageLocationType_M
stinv,EQP_SubAssemblyItem_R
stinv,App_LogType_M
stinv,INW_RMContainer_D
stinv,ADM_ScaleCapacity_M
stinv,INV_WRK_SerializedPallet_M
stinv,EQP_SubAssemblyType_D
stinv,APP_Parameter_M
stinv,ADM_Scale_M
stinv,dims
stinv,wip_productionfillsequence_m_backup_ticket_7282
stinv,POR_ReceivingPolicy_M
stinv,WIP_AssignPalletToSubLot_M
stinv,WIP_ProductionBatchSeq_D
stinv,TRN_TranError_D
stinv,EQP_SubAssembly_D
stinv,EB_FWT_NoteSignatureType_M
stinv,STB_StudySchedulePickStatus_M
stinv,WIP_PackItemPackage_R_bak
stinv,INV_StockSerialized_D_Ticket7316_Move
stinv,WIP_PackOrderStatusHist_D
stinv,INV_ItemPackage_R
stinv,APP_ReportType_M
stinv,INV_StockSerialized_D_Ticket7316_AdjustDown
stinv,ADM_AutoclaveType_M
stinv,ASRS_ManualRetrieval_WIP
stinv,INV_ItemRepairKit_R
stinv,WIP_PackItemKitComponent_D
stinv,WIP_PackOrderSerialASN_D
stinv,INW_RMContainerTxn_D
stinv,ADM_CapacityWeightPoint_D
stinv,WIP_ProductionBatchSubLot_D
stinv,INV_ItemTypeCode_D
stinv,INV_ItemCodeSequence_M
stinv,APP_ReportChannel_D
stinv,EBR_FWT_LotWtCheckNote_D
stinv,POR_PurchaseOrder_M_Ticket7370
stinv,VIS_ProductionLineDashboard_W
stinv,POR_InvoicePolicy_M
stinv,INV_ItemTypeStatus_D
stinv,WIP_PalletContainer_D
stinv,WIP_PackOrderReconBucketTranType_D
stinv,bak_WIP_Pallet_M_20190830_DZ9019
stinv,ADM_Autoclave_M
stinv,EBR_FWT_Note_D
stinv,PSC_TranTypeReason_M
stinv,INV_LocationContact_R
stinv,INW_RMItem_M
stinv,EBR_FWT_DryParisonWtNote_D
stinv,POR_DiscountType_M
stinv,bak_WIP_Transaction_T_20190830_DZ9019
stinv,CAG_Status_M
stinv,ASRS_OpenRetrieval_WIPS
stinv,INV_Location_M
stinv,INV_ItemCodeSequenceVariant_D
stinv,WIP_PackOrderASRSTransactionNumbers_D
stinv,sub_loc_points
stinv,INV_MissedLot_D
stinv,WIP_PackOrderSerialNo_D
stinv,STB_StudyScheduleStatus_M
stinv,INV_RiskCode_M
stinv,STB_Adjustment_D
stinv,APP_ProdUpgradeLog_D
stinv,CS_RM_lot_history
stinv,POR_PurchaseOrderNote_D
stinv,bak_WIP_Pallet_M_20190830_DZ9021
stinv,INV_Stock_D
stinv,INW_RMProdFillSeq_M
stinv,WIP_Pallet_M
stinv,CS_RM_lot_history_header
stinv,INV_Form_M
stinv,WIP_PAC_PacklineLog_D
stinv,bak_WIP_Transaction_T_20190830_DZ9021
stinv,CAG_SerializedStock_D
stinv,INV_UOM_M
stinv,EBR_FWT_DryParisonWt_D
stinv,ASRS_OpenRetrieval_Parts
stinv,MFG_ManufacturerItem_R
stinv,WIP_ProductionASRSTransactionNumbers_D
stinv,App_PackUpgradeLog_D
stinv,STB_TranType_M
stinv,ProductionComponents
stinv,WIP_PalletContainer_D_RN0131A
stinv,WIP_ProductionTask_M
stinv,SCN_SyncBatch_M
stinv,MFG_Manufacturer_M
stinv,CAG_ConfigFilling_M
stinv,MSC_ItemReceive_T
stinv,WIP_WRK_Container_D
stinv,INW_RMPurchaseOrderItem_D
stinv,POR_PurchaseOrderItemLine_D
stinv,ADM_RFIDPrinterLabelDim_M
stinv,NephronEquips
stinv,INV_ItemDispenseControl_D
stinv,CAG_WAMAS_ASN_D
stinv,EBR_WeightSet_M
stinv,POR_PurchaseOrderItem_D
stinv,WIP_StockSnapshot_D
stinv,INV_SubLocationPointType_M
stinv,_AdjustInvStockD
stinv,POR_OrderStatus_M
stinv,INV_WHS_DisableItemReplication_D
stinv,WIP_PAC_WRK_Case_D
stinv,WIP_ProductionEventTask_D
stinv,CAG_Config_M_dss_tracking
stinv,ASRS_ManualInduction_Parts
stinv,STB_Transaction_T
stinv,VIS_ChangeOverSummary_W
stinv,EBR_FWT_MasterFillTimer_D
stinv,STB_Adjustment_M
stinv,EBR_ScaleTest_M
stinv,WIP_ProductStorageOrientation_M
stinv,POR_PurchaseOrderItemLineNote_D
stinv,POR_PurchaseOrderReceive_D
stinv,WIP_ProductionfillSequence_M_BAK
stinv,WIP_PackOrderCageItem_D
stinv,CAG_ConfigFillingItem_D
stinv,INV_SubLocationPoint_D
stinv,MFG_ManufacturerCertification_H
stinv,POR_PurchaseOrder_M
stinv,WIP_WRK_ProductionContainer_D
stinv,ASRS_ManualInduction_WIP
stinv,PVT_Document_M
stinv,STB_ChamberType_M
stinv,WIP_PackOrderPLCStatistics_D
stinv,MRF_MasterFormula_M
stinv,POR_Buyer_M
stinv,PVT_EquipSchedule_D
stinv,WIP_ContainerSerial_D
stinv,INV_DeletedSystemLotNo_T
stinv,prod_comp_items
stinv,ADM_ProductionASRSTranType_M
stinv,SCN_SyncBatch_D
stinv,ASRS_OpenInduction_WIP
stinv,WIP_WashTest_D_Work
stinv,EBR_Scale_M
stinv,APP_User_M
stinv,PVT_EquipTypeDoc_R
stinv,WIP_PackOrderReconValue_D_AT
stinv,MRF_MasterFormulaItem_R
stinv,WIP_ProductDosageForm_M
stinv,POR_BuyerItemType_M
stinv,CAG_SCN_SyncBatch_M_Delete
stinv,prod_comp_config
stinv,PVT_MaintLog_T
stinv,ADM_MoldType_M_20200608
stinv,SHP_ShippingManifest_M
stinv,WIP_Transaction_T_Ticket7416
stinv,WIP_PrimaryPackSerialStatus_M
stinv,NOF_Products
stinv,SCH_freq_interval_M
stinv,WIP_ContainerType_M_20200608
stinv,EBR_FWT_MoldCapture_D
stinv,STB_AdjustmentStatus_M
stinv,VEN_VendorCertification_H
stinv,ADM_ProductionLineProduct_R
stinv,STB_StudyScheduleStatusHist_D
stinv,WIP_Container_M_Ticket7416
stinv,SCH_freq_relative_interval_M
stinv,WIP_ProductionFillSequence_M_con_2_pnd
stinv,ADM_ProductionLineProduct_R_20200608
stinv,ing
stinv,WIP_PalletContainer_D_Ticket7416
stinv,POR_PurchaseOrderReceiveLineLot_D
stinv,WIP_PAC_MessageSubscription_R
stinv,SCH_freq_type_M
stinv,INV_DrugSchedule_M_20200608
stinv,NDC
stinv,WIP_TranError_D
stinv,WIP_Pallet_M_Ticket7416
stinv,MRF_MasterFormulaProduct_R
stinv,WIP_ProductRouteofAdministration_M
stinv,ASRS_CloseOpenRetrieval
stinv,STDB_Login_History
stinv,CAG_ConfigFilling_M_20190705
stinv,TRN_TranType_M_20200608
stinv,POR_WRK_ReceiveBatchStatus_M
stinv,WIP_Stock_M_Ticket7416
stinv,INV_HBW_Crane_M
stinv,CAG_ConfigFillingProduct_R
stinv,WIP_ProductionASRSTran_D
stinv,STDB_MENU
stinv,CAG_ConfigFillingItem_D_20190705
stinv,WIP_ProducT_M_bak
stinv,SHP_ShippingManifest_D
stinv,ADM_MobileCarrier_M
stinv,STDB_user
stinv,CAG_ConfigFillingProduct_R_20190705
stinv,POR_PurchaseOrderReceiveLineContainer_D
stinv,POR_WRK_ReceiveBatch_M
stinv,INV_ItemTypeAbility_R
stinv,WIP_ProductClassification_M
stinv,ASRS_CloseOpenInduction
stinv,TRN_InitQOH_T
stinv,MRF_ConfigItem_R_20190705
stinv,APP_UsageLog_D
stinv,WIP_PackOrderReconBucket_D
stinv,MRF_ConfigType_M
stinv,schema_info_dss
stinv,MRF_MasterFormulaProduct_R_BUD_DEPLOY
stinv,TRN_TranIntegrity_M
stinv,MRF_Config_D_20190705
stinv,WIP_ProductionFillSequenceException_D
stinv,INV_StockSerialized_D
stinv,TRN_TranType_M
stinv,WIP_ProductionASRSActivity_D
stinv,BUD_DEPLOY
stinv,TRN_TranSource_M
stinv,WIP_TranType_M
stinv,scope_info_dss
stinv,CAG_ConfigItem_D_dss_tracking
stinv,TRN_TranStatus_M
stinv,WIP_ManualPackOrder_M
stinv,INV_Item_M_H
stinv,WIP_ProductClassification_R
stinv,ASRS_OpenInduction_Parts
stinv,STB_StudyStatus_M
stinv,ADM_LotTrackerNCRStatus_M
stinv,POR_POReceiveSerialRange_D
stinv,MRF_AssayType_M
stinv,WIP_ProductionPLCStatistics_D
stinv,TRN_Transaction_T
stinv,WIP_Stock_M_Ticket6455
stinv,INV_HBW_CraneLocation_M
stinv,ADM_Currency_M
stinv,WIP_ProductionBatchNumHelper_M
stinv,VEN_CertificationRecord_D
stinv,SHP_ManifestStatus_M
stinv,WIP_PackOrderCCBuilder_D
stinv,ADM_OPCType_M
stinv,scope_config_dss
stinv,WIP_Transaction_T_Ticket6455
stinv,VEN_VendorContact_R
stinv,ADM_RFIDPrinter_M
stinv,FG_WRK_ManualPackaging_D
stinv,ADM_LotTrackerNotes_D
stinv,MRF_Config_D
stinv,WIP_Pallet_M_Ticket6455
stinv,VEN_VendorItem_R
stinv,provision_marker_dss
stinv,WIP_PalletContainer_D_Ticket6455
stinv,DEV_RecyclerTestCases_D
stinv,VEN_VendorLevel_M
stinv,TRN_Transaction_T_Ticket7531
stinv,WIP_ProductionASRSTranStatus_M
stinv,POR_PurchaseOrder_M_Ticket6103
stinv,VEN_VendorNote_R
stinv,INV_PalletReprint_D
stinv,WIP_PackOrderReconValue_D
stinv,SCN_Scanner_M
stinv,STB_ProductCategory_M
stinv,WIP_PAC_WIPSRetrieval_D
stinv,WIP_ProductClassification_M_dss_tracking
stinv,SCN_SER_SyncBatch_M
stinv,WIP_ProductionProductSeq_M
stinv,INV_Item_M_prod_comp_items
stinv,VEN_VendorUOM_D
stinv,EBR_FWT_LotWtCheck_D
stinv,TRN_Transaction_T_bak_20210105
stinv,ADM_LotTracker_M
stinv,INV_ItemPackage_R_prod_comp_items
stinv,INV_Stock_D_Ticket7533
stinv,STB_GroupName_M
stinv,VEN_Vendor_M
stinv,WIP_PAC_PartsRetrievalDamage_D
stinv,INV_Stock_D_prod_comp_items
stinv,WIP_ProductionPickup_D
stinv,WIP_TranIntegrity_D
stinv,INV_StockSerialized_D_Ticket7533
stinv,INV_StockSerialized_D_prod_comp_items
stinv,ASRS_InductionDropOffTran_Parts
stinv,ADM_ProductionLinePackItem_R
stinv,POR_ReceiveVoid_D
stinv,WIP_PackOrderRecon_M
stinv,TRN_Transaction_T_Ticket7533
stinv,WIP_PAC_WRK_CaseCarton_D
stinv,STB_StockStatus_M
stinv,WIP_PackOrderPLCData_D
stinv,WIP_ProductionProductBatchSubLot_D
stinv,TRN_Transaction_T_prod_comp_items
stinv,WIP_ProductIngredient_R
stinv,WIP_StockStatus_M
stinv,WIP_ContainerType_M
stinv,FML_WD_MasterFormulationItem_D_Ticket5773
stinv,MRF_ConfigItem_R
stinv,SCN_SER_SyncBatch_D
stinv,WIP_PackOrderPalletAck_D
stinv,CAG_ConfigFillingItem_D_prod_comp_items
stinv,POR_OrderType_M
stinv,WIP_ProductionEvent_D
stinv,ADM_SER_PackComponents_D
stinv,WIP_ProductionEmptyDropoff_D
stinv,ASRS_InductionDropOffTran_WIP
stinv,STB_MasterFormulationItem_R
stinv,WIP_Stock_M_Ticket6455_PE0078
stinv,WIP_PackOrderEventType_M
stinv,WIP_ProductionEventType_M
stinv,APP_SET_CaseBuilder_D
stinv,ItemsAlex
stinv,WIP_Transaction_T_Ticket6455_PE0078
stinv,SCN_CAG_FIL_WRK_ReceiveContainer_M
stinv,POR_NOIReceive_D
stinv,MyCompanyLogo
stinv,POR_ReOrderProfileType_M
stinv,WIP_Transaction_T_Ticket7556
stinv,ADM_LotTrackerMileStone_M
stinv,WIP_Pallet_M_Ticket6455_PE0078
stinv,POR_Incoterm_M
stinv,AGV_Priority_M
stinv,WIP_ProductionFillSequence_M_Ticket7556
stinv,EQP_EstLife_M
stinv,WIP_PalletContainer_D_Ticket6455_PE0078
stinv,WIP_RPL_Product_T
stinv,WIP_ProductionRun_M_Ticket7556
stinv,WIP_Transaction_T_DX9070P
stinv,INV_RMT_InstanceItemMap_R
stinv,SCN_CAG_FIL_WRK_ReceiveContainer_D
stinv,POR_TermType_M
stinv,WIP_Transaction_T
stinv,WIP_Stock_M_DX9070P
stinv,WIP_ProductionFillSequenceEventType_M
stinv,INV_ItemReOrderProfile_R
stinv,ADM_LotTracker_D
stinv,TRN_TransactionSignature_D
stinv,WIP_TRCNPC_ContainerMap_R
stinv,WIP_Product_M
stinv,INV_PhysicalCount_D
stinv,MRF_VariableConfigValidatedBatchSize_D
stinv,INV_RMT_InstanceVendorMap_R
stinv,ASRS_ManualRetrieval_Parts
stinv,INV_Stock_negative
stinv,WIP_ProductionLotPrefixSeq_M
stinv,WIP_ProdLineContainerTypeCFG_R
stinv,PCMS
stinv,ADM_ProdLineMediaFill_D
stinv,INV_SubLocationHBWMap_D
stinv,orders
stinv,WIP_ProductionFillSequenceEvent_D
stinv,INV_ItemReOrder_D
stinv,STB_TranIntegrity_D
stinv,MRF_BalanceVerification_D
stinv,WIP_ProductClassification_R_dss_tracking
stinv,e80_20150601
stinv,WIP_ProductionLotPrefixBatchSubLot_D
stinv,INV_Stock_D_JH
stinv,POR_NOIEquipType_D
stinv,EBR_FWT_MoldPosition_D
stinv,INV_RMT_InstanceStock_M
stinv,INV_Item_M
stinv,AGV_Activity_M
stinv,ADM_MoldType_M
stinv,WIP_ProductionLotPrefixSeqHelper_M
stinv,INV_StockSerialized_D_JH
stinv,CAG_SCN_SyncBatch_D_Delete
stinv,dtproperties
stinv,INV_StockSerializedHistory_D
stinv,STB_TranSource_M
stinv,ADM_LotTrackerNCR_D
stinv,MRF_RPT_WRK_MasterFormula_D
stinv,ADM_ProductionLine_M
stinv,ADM_OPCTagType_M
stinv,INV_TransportUnit_M
stinv,WIP_StockHistory_H
stinv,POR_NOIItem_D
stinv,FML_WD_Status_M
stinv,EBR_FWT_VialTestNote_D
stinv,CAG_CancelLocation_R
stinv,WIP_PackOrder_M
stinv,EBR_FWT_ProductVialWtTestRange_M
stinv,WIP_PackItemKit_D
stinv,Cycle_Baxter
stinv,WIP_CageFillingRecon_M
stinv,cycle_BD
stinv,EBR_Category_M
stinv,WIP_Container_M
stinv,WIP_PackItemMN_M
stinv,MSC_Project_M
stinv,cycle_Carboy
stinv,FML_WD_EventType_M
stinv,cycle_DMP
stinv,STB_TranStatus_M
stinv,WIP_CageFillingReconItem_D
stinv,cycle_Exactamix
stinv,WIP_ManualCaseLabel_M
stinv,INV_SubLocationType_D
stinv,ADM_UserAuthCode_D
stinv,WIP_Stock_M_Ticket7598
stinv,STB_StudyTestInterval_D
stinv,INV_WRK_HBW_PrintLocation_D
stinv,SYS_DaylightTime_M
stinv,WIP_PackOrderFinishCode_M
stinv,cycle_Meissner
stinv,WIP_TRCNPC_TransactionMap_R
stinv,EBR_FWT_VialWtTestRangeType_M
stinv,WIP_Pallet_M_Ticket7598
stinv,WIP_FillingReconReasonType_M
stinv,cycle_Rest
stinv,FGS_ShipperItem_M
stinv,WIP_PalletContainer_D_Ticket7598
stinv,INV_ItemBarcode_D
stinv,APP_IDType_M
stinv,SCN_WRK_InventoryStockSerializedKit_M
stinv,cycle_Schott
stinv,WIP_ManualCaseLabel_D
stinv,FML_WD_Session_D
stinv,STB_StudyStatusHist_D
stinv,POR_NOIProject_D
stinv,cycle_Truecare
stinv,WIP_TRCNPC_PalletMap_R
stinv,POR_ExceptionType_M
stinv,ADM_AuthCodeType_M
stinv,WIP_Stock_M_DEL
stinv,APP_IDList_D
stinv,WIP_PackOrderAuthUserSource_M
stinv,WIP_LotPackItem_H
stinv,EBR_Lot_M
stinv,STB_Stock_D
stinv,WIP_PAC_PartsReturned_D
stinv,WIP_ProductDosageForm_M_dss_tracking
stinv,WIP_CageFillingReconItemReason_D
stinv,SCN_WRK_InventoryStockSerializedKit_D
stinv,WIP_PackItemPackageType_M
stinv,POR_NOIOtherAssoc_D
stinv,WIP_TRCNPC_PalletContainerMap_R
stinv,SER_SSCC96Partition_M
stinv,POR_PurchaseOrderReceivingBulkContainer_D
stinv,APP_SET_PalletUnloader_D
stinv,SHP_Status_M
stinv,WIP_ProductClassificationCartHeader_R_dss_tracking
stinv,WIP_PAC_PalletRequest_D
stinv,POR_Exception_D
stinv,CAG_Config_M_07122019
stinv,ADM_LoadingDock_M
stinv,ADM_PackingLine_M
stinv,ADM_PackTrayUnloaderType_M
stinv,POR_NOIAssociationType_M
stinv,FML_WD_MasterFormulationItem_D
stinv,STB_CycleCount_M
stinv,WIP_PackOrderEvent_D
stinv,ADM_MessageType_M
stinv,SHP_PartsOrder_M
stinv,EBR_Module_M
stinv,WIP_PAC_TMP_ValidateCase_D
stinv,WIP_FillingReconESign_D
stinv,INV_DrugSchedule_M
stinv,ADM_ProductionLineType_M
stinv,STB_CycleCount_D
stinv,ADM_ITMachine_M
stinv,SN_Items
stinv,VEN_VendorNOIItem_M
stinv,FML_WD_Stock_D_NOT_USED
stinv,ADM_City_D
stinv,EBR_FWT_VialWtTestRange_M
stinv,INV_Item_M_dss_tracking
stinv,WIP_Stock_M_Ticket7638
stinv,WIP_Transaction_T_fix_line23_24
stinv,ADM_DefaultLocation_M
stinv,ASRS_Item_WIP_M
stinv,ADM_CompanyContact_R
stinv,WIP_Pallet_M_Ticket7638
stinv,WIP_ProductionFillSequenceMasterFormulationItem_D
stinv,WIP_PackOrderCage_D
stinv,WIP_PackOrderItemBarcode_D
stinv,cycle_all
stinv,CAG_ConfigItem_D
stinv,INV_ItemSubType_D
stinv,WIP_TranStatus_M
stinv,ADM_Company_M
stinv,INV_DrugSchedule_M_dss_tracking
stinv,WIP_PalletContainer_D_Ticket7638
stinv,STB_DefaultTestInterval_M
stinv,INV_StockSerialied_D_zeroed_out
stinv,INV_StockHistory_D
stinv,ASRS_Item_Parts_M
stinv,ADM_Country_M
stinv,APP_Counter_M
stinv,POR_PurchaseOrderReceiveBatch_D
stinv,WIP_PalletContainer_D_DEL
stinv,APP_ApplicationParameter_D
stinv,INV_StockSerialized_D_muthu_adj_20200131
stinv,SHP_WIPSOrder_M
stinv,ADM_DepartmentItemType_R
stinv,INV_StockSerialized_D_muthu_adj_20200131_CIC001
stinv,CAG_Config_M
stinv,WIP_PAC_MessageTranType_R
stinv,FML_WD_StockContainer_D_NOT_USED
stinv,ADM_Department_M
stinv,EBR_FWT_IndFillTimer_D
stinv,STB_ChamberPick_D
stinv,ASRS_AvailabilityChangeNotification_WIP
stinv,WIP_TranSource_M
stinv,ADM_Id_U
stinv,WIP_Transaction_T_DEL
stinv,NE0011A_ticket_5225
stinv,ADM_PriorityCode_M
stinv,WIP_PackOrder_D
stinv,WIP_ProductPackage_R
stinv,APP_SET_ProdTouchUI_D
stinv,EIQ_PQ
stinv,EDM_CustomControlSettings
stinv,Ticket4869
stinv,ADM_ShippingMethod_M
stinv,STB_StudyPurpose_M
stinv,INV_Stock_D_1001528
stinv,CAG_UtilizationBucket_M
stinv,INV_WRK_SER_ReturnInv_D
stinv,ADM_PackagingEquipType_M
stinv,FML_WD_Scale_D
stinv,Ticket4891
stinv,ADM_State_D
stinv,ADM_ProductionMediaFillStatus_M
stinv,WIP_ProductRouteofAdministration_M_dss_tracking
stinv,ADM_BarcodePrefix_M
stinv,WIP_Pallet_M_DEL
stinv,EDM_CustomControlFieldSettings
stinv,ADM_PackingLineType_M
stinv,ADM_ZipCode_D
stinv,WIP_PAC_IssuedCartonSerialLog_D
stinv,FGS_ShipperItem_M_dss_tracking
STShoppingCart,ADM_general_info_M
STShoppingCart,SHP_Company_M
STShoppingCart,CUS_Logins_D
STShoppingCart,ORD_PaymentType_M
STShoppingCart,CUS_CustomerItemPrice_R
STShoppingCart,APP_ID_M
STShoppingCart,ZipCode
STShoppingCart,ORD_orders_M
STShoppingCart,CUS_customer_type_M
STShoppingCart,Country
STShoppingCart,CUS_address_type_M
STShoppingCart,CUS_customer_M
STShoppingCart,City
STShoppingCart,SHP_Zone_D
STShoppingCart,SC_RPL_PurchaseOrderControl_M
STShoppingCart,SC_RPL_PurchaseOrder_T
STShoppingCart,State
STShoppingCart,FedEx_2Day
STShoppingCart,ol
STShoppingCart,ProductType
STShoppingCart,FedEx_Zones
STShoppingCart,ADM_creditcardtype_M
STShoppingCart,Item
STShoppingCart,SHP_ZoneZip_D
STShoppingCart,INV_uom_M
STShoppingCart,SHP_Price_D
STShoppingCart,FedEx_SO
STShoppingCart,ORD_OrderStatus_M
STShoppingCart,FedEx_PO
STShoppingCart,SHP_Method_D
STShoppingCart,ADM_Company_M
STShoppingCart,INV_ItemPackage_M
STShoppingCart,APP_Campaign_M
STShoppingCart,CUS_cards_D
STShoppingCart,CUS_GroupshippingCharge_D
STShoppingCart,CUS_address_D
STShoppingCart,ADM_CreditCardProcessor_M
STShoppingCart,CUS_GroupInvCategory_R
STShoppingCart,STDB_MENU
STShoppingCart,CUS_CustomerPWDReminder_M
STShoppingCart,FedEx_US_Ground
STShoppingCart,STDB_user
STShoppingCart,ORD_order_details_D
STShoppingCart,STDB_Login_History
STShoppingCart,ORD_Payment_D
STShoppingCart,CreditCardErrorCode
STShoppingCart,Shipment
STShoppingCart,dtproperties
STShoppingCart,months
STShoppingCart,ShipmentDetail
STShoppingCart,CUS_groups_M
STShoppingCart,DIC_Column_D
STShoppingCart,DIC_Table_M
users,Modules
users,SYS_GlobalParameter_M
users,Applications
users,UserLocations
users,Abilities
users,Roles
users,Users
users,__MigrationHistoryBU
users,UserCustomAttributes
users,Sessions
users,Audits
users,UserRoles
users,UserAbilities
users,RoleAbilities
users,SYS_UserInterface_M
users,SYS_Language_M
users,ImportedUsers
users,AuditDetails
users,ups_13_results
users,NavigationItems
users,NavigationItemAbilities
users,SYS_String_M
users,SYS_String_D
users,SYS_UIField_D
users,PIMS_Instance_M
users,GlobalSystems
users,SYS_ApplicationParameter_D
